Age_group,Weekly-Thrifty,Weekly-Low-cost,Weekly-Moderate,Weekly-Liberal,Monthly-Thrifty,Monthly-Low-cost,Monthly-Moderate,Monthly-Liberal,year
Child 1 year,$22.80,$30.80,$34.90,$42.40,$98.90,$133.30,$151.30,$183.80,2021.0
Child 2-3 years,$24.90,$32.30,$38.60,$47.00,$107.80,$139.80,$167.30,$203.70,2021.0
Child 4-5 years,$26.30,$33.10,$41.30,$49.90,$114.10,$143.20,$179.10,$216.20,2021.0
Child 6-8 years,$33.40,$46.60,$56.30,$66.30,$144.80,$202.00,$243.90,$287.20,2021.0
Child 9-11 years,$37.90,$49.90,$65.30,$76.00,$164.10,$216.10,$283.10,$329.50,2021.0
Male 12-13 years,$40.40,$57.70,$71.90,$84.70,$175.00,$249.80,$311.70,$367.20,2021.0
Male 14-18 years,$41.70,$58.70,$74.00,$85.70,$180.80,$254.50,$320.70,$371.30,2021.0
Male 19-50 years,$44.80,$58.10,$72.70,$89.00,$194.00,$251.80,$314.80,$385.40,2021.0
Male 51-70 years,$40.80,$54.90,$68.50,$82.80,$176.70,$238.00,$296.70,$358.60,2021.0
Male 71+ years,$41.00,$53.80,$67.10,$82.70,$177.50,$233.00,$290.70,$358.40,2021.0
Female 12-13 years,$40.20,$49.60,$60.20,$73.40,$174.00,$215.00,$260.70,$318.20,2021.0
Female 14-18 years,$39.60,$49.60,$59.10,$73.30,$171.80,$214.70,$255.90,$317.40,2021.0
Female 19-50 years,$39.70,$50.50,$61.70,$79.00,$172.20,$218.60,$267.20,$342.50,2021.0
Female 51-70 years,$39.40,$49.20,$61.10,$73.90,$170.90,$213.00,$264.60,$320.20,2021.0
Female 71+ years,$38.60,$48.40,$60.40,$72.80,$167.20,$209.70,$261.70,$315.50,2021.0
Family of 2: 19-50 years,$93.00,$119.40,$147.70,$184.80,$402.80,$517.50,$640.20,$800.70,2021.0
Family of 2: 51-70 years,$88.20,$114.50,$142.50,$172.30,$382.30,$496.10,$617.50,$746.60,2021.0
Family of 4: 2 kids 2-5,$135.70,$173.90,$214.30,$264.90,$588.10,$753.40,$928.40,$1147.80,2021.0
Family of 4: 2 kids 6-11,$155.80,$205.10,$255.90,$310.30,$675.00,$888.60,$1108.90,$1344.60,2021.0
Child 1 year,$22.20,$29.80,$33.90,$41.10,$96.00,$129.30,$147.00,$178.10,2020.0
Child 2-3 years,$24.10,$31.20,$37.40,$45.50,$104.60,$135.20,$162.00,$197.40,2020.0
Child 4-5 years,$25.50,$32.00,$40.00,$48.20,$110.40,$138.70,$173.50,$209.00,2020.0
Child 6-8 years,$32.30,$44.90,$54.40,$64.00,$140.00,$194.50,$235.80,$277.30,2020.0
Child 9-11 years,$36.80,$48.20,$63.20,$73.60,$159.40,$208.80,$274.00,$319.10,2020.0
Male 12-13 years,$39.20,$55.70,$69.50,$82.00,$169.70,$241.30,$301.10,$355.10,2020.0
Male 14-18 years,$40.50,$56.70,$71.50,$82.80,$175.50,$245.80,$309.70,$358.70,2020.0
Male 19-50 years,$43.40,$56.10,$70.20,$85.90,$188.00,$243.20,$304.10,$372.20,2020.0
Male 51-70 years,$39.60,$53.10,$66.00,$80.00,$171.40,$230.30,$285.90,$346.50,2020.0
Male 71+ years,$39.70,$52.00,$64.90,$80.00,$171.80,$225.30,$281.30,$346.80,2020.0
Female 12-13 years,$38.90,$48.00,$58.30,$70.90,$168.70,$207.90,$252.80,$307.40,2020.0
Female 14-18 years,$38.50,$48.00,$57.10,$70.90,$166.80,$207.80,$247.50,$307.30,2020.0
Female 19-50 years,$38.50,$48.70,$59.70,$76.50,$166.70,$211.20,$258.50,$331.50,2020.0
Female 51-70 years,$38.20,$47.50,$59.00,$71.40,$165.60,$206.00,$255.90,$309.40,2020.0
Female 71+ years,$37.50,$46.80,$58.50,$70.60,$162.50,$202.80,$253.50,$305.80,2020.0
Family of 2: 19-50 years,$90.00,$115.40,$142.80,$178.60,$390.20,$499.80,$618.80,$774.10,2020.0
Family of 2: 51-70 years,$85.60,$110.80,$137.50,$166.50,$370.70,$479.90,$596.00,$721.50,2020.0
Family of 4: 2 kids 2-5,$131.50,$168.10,$207.30,$256.20,$569.70,$728.30,$898.00,$1110.10,2020.0
Family of 4: 2 kids 6-11,$151.00,$197.90,$247.50,$300.00,$654.10,$857.70,$1072.30,$1300.00,2020.0
Child 1 year,$21.90,$29.40,$33.50,$40.90,$94.80,$127.60,$145.30,$177.00,2019.0
Child 2-3 years,$24.00,$31.00,$37.30,$45.20,$103.80,$134.30,$161.50,$195.90,2019.0
Child 4-5 years,$25.30,$31.80,$39.80,$48.20,$109.70,$137.90,$172.50,$209.00,2019.0
Child 6-8 years,$32.00,$44.30,$54.10,$64.00,$138.70,$191.90,$234.30,$277.20,2019.0
Child 9-11 years,$36.50,$48.20,$63.00,$73.40,$158.00,$208.80,$272.80,$318.00,2019.0
Male 12-13 years,$38.90,$55.30,$69.30,$81.70,$168.60,$239.70,$300.40,$353.80,2019.0
Male 14-18 years,$40.10,$56.20,$70.90,$82.20,$174.00,$243.70,$307.30,$356.20,2019.0
Male 19-50 years,$43.00,$55.80,$69.60,$85.20,$186.50,$241.70,$301.50,$369.00,2019.0
Male 51-70 years,$39.20,$52.80,$65.40,$79.50,$169.90,$228.80,$283.60,$344.50,2019.0
Male 71+ years,$39.40,$51.60,$64.50,$79.30,$170.50,$223.60,$279.40,$343.50,2019.0
Female 12-13 years,$38.70,$47.70,$58.00,$70.50,$167.60,$206.50,$251.20,$305.30,2019.0
Female 14-18 years,$38.20,$47.50,$56.50,$70.30,$165.50,$206.00,$245.00,$304.40,2019.0
Female 19-50 years,$38.30,$48.40,$59.20,$76.10,$165.80,$209.90,$256.70,$329.70,2019.0
Female 51-70 years,$37.90,$47.20,$58.70,$71.20,$164.30,$204.40,$254.40,$308.60,2019.0
Female 71+ years,$37.20,$46.40,$58.00,$70.10,$161.00,$201.20,$251.50,$303.90,2019.0
Family of 2: 19-50 years,$89.40,$114.70,$141.70,$177.40,$387.50,$496.80,$614.10,$768.60,2019.0
Family of 2: 51-70 years,$84.80,$110.00,$136.60,$165.80,$367.60,$476.40,$591.70,$718.40,2019.0
Family of 4: 2 kids 2-5,$130.60,$167.10,$205.90,$254.70,$565.80,$723.80,$892.20,$1103.60,2019.0
Family of 4: 2 kids 6-11,$149.80,$196.70,$245.90,$298.60,$649.00,$852.30,$1065.30,$1293.90,2019.0
Child 1 year,$21.70,$29.10,$33.10,$40.50,$94.10,$126.30,$143.40,$175.60,2018.0
Child 2-3 years,$23.70,$30.50,$36.70,$44.70,$102.80,$132.20,$159.20,$193.50,2018.0
Child 4-5 years,$25.00,$31.50,$39.20,$47.80,$108.40,$136.40,$169.90,$207.30,2018.0
Child 6-8 years,$31.80,$44.10,$53.40,$63.40,$137.90,$191.10,$231.30,$274.70,2018.0
Child 9-11 years,$36.10,$47.90,$62.10,$72.50,$156.30,$207.30,$269.10,$314.00,2018.0
Male 12-13 years,$38.60,$54.80,$68.80,$80.90,$167.40,$237.60,$298.20,$350.50,2018.0
Male 14-18 years,$39.90,$55.80,$70.70,$81.60,$172.80,$241.60,$306.20,$353.70,2018.0
Male 19-50 years,$42.80,$55.50,$69.30,$85.00,$185.60,$240.40,$300.10,$368.50,2018.0
Male 51-70 years,$39.00,$52.30,$65.00,$78.80,$169.00,$226.80,$281.40,$341.20,2018.0
Male 71+ years,$39.20,$51.50,$64.10,$79.10,$170.00,$223.00,$277.70,$342.80,2018.0
Female 12-13 years,$38.50,$47.30,$57.20,$69.90,$166.90,$204.90,$247.90,$302.70,2018.0
Female 14-18 years,$37.90,$47.20,$56.70,$70.20,$164.40,$204.70,$245.70,$304.10,2018.0
Female 19-50 years,$38.00,$48.10,$59.10,$75.70,$164.70,$208.50,$256.00,$328.00,2018.0
Female 51-70 years,$37.60,$46.70,$58.30,$70.50,$163.00,$202.50,$252.50,$305.60,2018.0
Female 71+ years,$36.70,$46.10,$57.50,$69.50,$159.10,$199.90,$249.30,$301.30,2018.0
Family of 2: 19-50 years,$88.90,$114.00,$141.20,$176.80,$385.40,$493.80,$611.70,$766.10,2018.0
Family of 2: 51-70 years,$84.30,$109.00,$135.60,$164.20,$365.20,$472.30,$587.30,$711.50,2018.0
Family of 4: 2 kids 2-5,$129.60,$165.60,$204.30,$253.20,$561.50,$717.40,$885.20,$1097.30,2018.0
Family of 4: 2 kids 6-11,$148.70,$195.60,$243.80,$296.60,$644.50,$847.40,$1056.60,$1285.10,2018.0
Child 1 year,$21.50,$28.70,$32.60,$39.90,$93.40,$124.50,$141.10,$172.80,2017.0
Child 2-3 years,$23.60,$30.10,$36.40,$44.30,$102.20,$130.60,$157.50,$191.80,2017.0
Child 4-5 years,$24.70,$31.10,$38.60,$47.20,$107.20,$134.70,$167.40,$204.50,2017.0
Child 6-8 years,$31.50,$43.60,$52.80,$62.50,$136.30,$188.80,$228.70,$270.90,2017.0
Child 9-11 years,$35.50,$47.30,$61.20,$71.20,$153.90,$204.80,$265.30,$308.60,2017.0
Male 12-13 years,$38.30,$54.30,$68.10,$79.90,$166.00,$235.30,$295.20,$346.30,2017.0
Male 14-18 years,$39.50,$55.20,$70.10,$80.30,$171.20,$239.00,$303.80,$348.10,2017.0
Male 19-50 years,$42.40,$54.70,$68.60,$84.30,$183.70,$237.20,$297.30,$365.30,2017.0
Male 51-70 years,$38.60,$51.60,$64.20,$77.60,$167.40,$223.70,$278.10,$336.40,2017.0
Male 71+ years,$38.90,$50.90,$63.20,$78.20,$168.50,$220.60,$273.70,$338.90,2017.0
Female 12-13 years,$38.30,$46.70,$56.40,$69.00,$165.90,$202.60,$244.30,$299.10,2017.0
Female 14-18 years,$37.60,$46.70,$56.40,$69.60,$162.80,$202.40,$244.50,$301.70,2017.0
Female 19-50 years,$37.60,$47.40,$58.50,$74.70,$162.80,$205.40,$253.30,$323.90,2017.0
Female 51-70 years,$37.20,$46.20,$57.60,$69.50,$161.00,$200.20,$249.50,$301.20,2017.0
Female 71+ years,$36.10,$45.60,$56.70,$68.40,$156.50,$197.50,$245.50,$296.30,2017.0
Family of 2: 19-50 years,$88.00,$112.40,$139.80,$175.00,$381.20,$486.90,$605.70,$758.10,2017.0
Family of 2: 51-70 years,$83.40,$107.60,$133.90,$161.80,$361.30,$466.20,$580.30,$701.30,2017.0
Family of 4: 2 kids 2-5,$128.30,$163.40,$202.10,$250.50,$556.00,$707.90,$875.60,$1085.40,2017.0
Family of 4: 2 kids 6-11,$146.90,$193.00,$241.10,$292.80,$636.70,$836.20,$1044.60,$1268.70,2017.0
Child 1 year,$22.00,$29.90,$33.90,$41.20,$95.40,$129.70,$146.80,$178.40,2016.0
Child 2-3 years,$24.00,$30.70,$37.00,$45.20,$103.80,$132.90,$160.40,$195.70,2016.0
Child 4-5 years,$25.20,$31.80,$39.60,$48.10,$109.20,$137.70,$171.60,$208.60,2016.0
Child 6-8 years,$32.40,$44.90,$53.90,$63.70,$140.20,$194.60,$233.50,$276.00,2016.0
Child 9-11 years,$36.80,$48.00,$62.80,$73.20,$159.50,$208.10,$271.90,$317.00,2016.0
Male 12-13 years,$39.20,$55.40,$69.60,$81.70,$169.70,$240.00,$301.50,$354.00,2016.0
Male 14-18 years,$40.30,$56.50,$71.80,$82.60,$174.80,$244.70,$311.10,$358.10,2016.0
Male 19-50 years,$43.60,$56.30,$70.50,$86.60,$188.70,$243.80,$305.30,$375.30,2016.0
Male 51-70 years,$39.70,$53.00,$65.80,$79.70,$171.90,$229.60,$285.00,$345.40,2016.0
Male 71+ years,$39.90,$52.20,$65.20,$80.90,$172.80,$226.20,$282.40,$350.40,2016.0
Female 12-13 years,$39.10,$47.80,$57.90,$70.60,$169.60,$207.10,$251.10,$306.00,2016.0
Female 14-18 years,$38.50,$48.10,$58.00,$71.70,$166.90,$208.60,$251.50,$310.90,2016.0
Female 19-50 years,$38.50,$48.80,$60.30,$76.90,$166.60,$211.50,$261.10,$333.10,2016.0
Female 51-70 years,$38.20,$47.40,$59.00,$71.10,$165.30,$205.40,$255.80,$308.10,2016.0
Female 71+ years,$37.60,$46.90,$58.60,$70.70,$162.70,$203.10,$253.80,$306.40,2016.0
Family of 2: 19-50 years,$90.20,$115.60,$143.80,$179.80,$390.90,$500.80,$623.10,$779.30,2016.0
Family of 2: 51-70 years,$85.60,$110.40,$137.30,$165.90,$371.00,$478.60,$594.80,$718.80,2016.0
Family of 4: 2 kids 2-5,$131.20,$167.50,$207.30,$256.80,$568.40,$725.90,$898.40,$1112.70,2016.0
Family of 4: 2 kids 6-11,$151.20,$198.00,$247.40,$300.40,$655.00,$858.00,$1071.90,$1301.50,2016.0
Child 1 year,$22.00,$29.90,$33.80,$41.20,$95.50,$129.70,$146.40,$178.40,2015.0
Child 2-3 years,$24.00,$30.90,$37.20,$45.40,$104.10,$134.00,$161.10,$196.70,2015.0
Child 4-5 years,$25.40,$32.00,$39.70,$48.20,$110.10,$138.50,$172.10,$209.00,2015.0
Child 6-8 years,$32.50,$45.50,$54.20,$63.90,$141.00,$197.30,$234.90,$277.00,2015.0
Child 9-11 years,$36.80,$48.30,$62.80,$73.20,$159.40,$209.10,$272.30,$317.00,2015.0
Male 12-13 years,$39.20,$55.60,$69.70,$81.90,$169.90,$240.90,$302.10,$354.70,2015.0
Male 14-18 years,$40.40,$56.50,$72.00,$83.10,$175.00,$244.80,$311.90,$359.90,2015.0
Male 19-50 years,$43.60,$56.40,$70.80,$87.00,$189.10,$244.50,$306.60,$377.10,2015.0
Male 51-70 years,$39.70,$53.20,$66.30,$80.00,$172.20,$230.40,$287.40,$346.60,2015.0
Male 71+ years,$40.00,$52.70,$65.40,$80.90,$173.40,$228.40,$283.30,$350.50,2015.0
Female 12-13 years,$39.20,$48.00,$57.90,$71.00,$169.80,$207.90,$251.10,$307.80,2015.0
Female 14-18 years,$38.60,$48.20,$58.30,$71.80,$167.10,$208.90,$252.50,$311.30,2015.0
Female 19-50 years,$38.70,$49.00,$60.40,$77.10,$167.60,$212.30,$261.80,$334.10,2015.0
Female 51-70 years,$38.30,$47.70,$59.20,$71.40,$165.80,$206.50,$256.70,$309.60,2015.0
Female 71+ years,$37.50,$47.30,$58.80,$70.80,$162.50,$205.00,$254.80,$306.90,2015.0
Family of 2: 19-50 years,$90.60,$115.90,$144.30,$180.50,$392.40,$502.40,$625.30,$782.30,2015.0
Family of 2: 51-70 years,$85.80,$110.90,$138.10,$166.60,$371.80,$480.60,$598.60,$721.80,2015.0
Family of 4: 2 kids 2-5,$131.80,$168.30,$208.10,$257.80,$571.00,$729.30,$901.60,$1116.90,2015.0
Family of 4: 2 kids 6-11,$151.60,$199.20,$248.20,$301.20,$657.10,$863.20,$1075.70,$1305.20,2015.0
Child 1 year,21.60,29.00,32.80,40.10,93.70,125.60,142.20,173.90,2014.0
Child 2-3 years,23.70,30.20,36.50,44.40,102.50,130.80,158.20,192.30,2014.0
Child 4-5 years,24.80,31.30,38.70,47.20,107.40,135.50,167.90,204.30,2014.0
Child 6-8 years,31.50,43.30,52.90,62.40,136.30,187.80,229.10,270.30,2014.0
Child 9-11 years,35.80,47.30,61.30,71.30,155.00,205.00,265.50,309.00,2014.0
Male 12-13 years,38.40,54.20,68.00,79.70,166.20,234.90,294.60,345.50,2014.0
Male 14-18 years,39.50,55.20,70.10,80.20,171.20,239.20,303.70,347.40,2014.0
Male 19-50 years,42.60,54.90,68.80,84.50,184.50,237.80,298.30,366.00,2014.0
Male 51-70 years,38.80,51.90,64.50,77.70,168.10,224.70,279.30,336.70,2014.0
Male 71+ years,39.20,51.40,63.70,78.50,169.70,222.50,275.80,340.20,2014.0
Female 12-13 years,38.40,46.90,56.50,68.90,166.50,203.40,244.60,298.70,2014.0
Female 14-18 years,37.70,47.00,56.70,69.80,163.50,203.50,245.70,302.40,2014.0
Female 19-50 years,37.90,47.70,58.80,75.20,164.10,206.50,254.90,325.90,2014.0
Female 51-70 years,37.40,46.60,58.00,69.60,162.10,201.70,251.10,301.70,2014.0
Female 71+ years,36.50,46.10,57.20,68.90,158.20,199.90,247.90,298.70,2014.0
Family of 2: 19-50 years,88.50,112.80,140.40,175.60,383.50,488.70,608.50,761.10,2014.0
Family of 2: 51-70 years,83.80,108.30,134.70,162.10,363.20,469.00,583.50,702.30,2014.0
Family of 4: 2 kids 2-5,128.90,164.00,202.90,251.20,558.50,710.60,879.20,1088.50,2014.0
Family of 4: 2 kids 6-11,147.70,193.20,241.80,293.40,640.00,837.00,1047.80,1271.20,2014.0
Child 1 year,21.60,29.00,32.90,39.90,93.50,125.50,142.40,173.00,2013.0
Child 2-3 years,23.40,29.70,36.00,43.80,101.60,128.60,155.90,189.80,2013.0
Child 4-5 years,24.50,31.00,38.30,46.60,106.20,134.30,165.90,202.00,2013.0
Child 6-8 years,31.30,42.90,52.10,61.50,135.80,185.80,226.00,266.40,2013.0
Child 9-11 years,35.70,46.90,60.50,70.60,154.90,203.20,262.30,306.10,2013.0
Male 12-13 years,38.10,53.90,67.40,78.90,165.20,233.40,292.10,341.90,2013.0
Male 14-18 years,39.30,55.10,69.50,79.80,170.20,238.90,301.00,345.80,2013.0
Male 19-50 years,42.40,54.70,68.50,83.90,183.70,237.20,296.90,363.70,2013.0
Male 51-70 years,38.70,51.60,63.80,77.10,167.50,223.60,276.40,334.20,2013.0
Male 71+ years,39.00,51.20,63.40,78.20,168.90,221.70,274.70,338.90,2013.0
Female 12-13 years,38.20,46.60,55.90,68.20,165.70,202.10,242.20,295.60,2013.0
Female 14-18 years,37.70,46.90,56.50,69.70,163.20,203.40,244.90,302.00,2013.0
Female 19-50 years,37.70,47.60,58.70,74.90,163.40,206.20,254.30,324.70,2013.0
Female 51-70 years,37.20,46.40,57.60,68.90,161.10,201.10,249.40,298.50,2013.0
Female 71+ years,36.60,46.20,57.20,68.80,158.50,200.20,248.00,298.30,2013.0
Family of 2: 19-50 years,88.10,112.60,139.90,174.80,381.90,487.80,606.30,757.30,2013.0
Family of 2: 51-70 years,83.40,107.80,133.50,160.60,361.50,467.10,578.40,696.00,2013.0
Family of 4: 2 kids 2-5,128.10,163.00,201.50,249.30,554.90,706.40,873.00,1080.30,2013.0
Family of 4: 2 kids 6-11,147.20,192.10,239.90,291.00,637.80,832.50,1039.50,1260.90,2013.0
Child 1 year,21.30,28.50,32.40,39.30,92.20,123.50,140.40,170.20,2012.0
Child 2-3 years,23.20,29.40,35.60,43.40,100.70,127.30,154.30,188.10,2012.0
Child 4-5 years,24.20,30.60,37.80,45.90,104.90,132.70,163.80,198.90,2012.0
Child 6-8 years,30.90,42.40,51.50,60.50,134.00,183.50,223.00,262.30,2012.0
Child 9-11 years,35.30,46.20,59.70,69.60,152.80,200.00,258.60,301.70,2012.0
Male 12-13 years,37.70,53.20,66.50,77.90,163.30,230.70,288.20,337.70,2012.0
Male 14-18 years,38.90,54.60,68.60,78.70,168.80,236.50,297.10,341.10,2012.0
Male 19-50 years,41.80,54.00,67.50,83.00,181.30,234.20,292.30,359.70,2012.0
Male 51-70 years,38.30,51.00,62.70,76.00,165.80,220.90,271.50,329.40,2012.0
Male 71+ years,38.40,50.70,62.50,77.00,166.40,219.70,270.80,333.70,2012.0
Female 12-13 years,37.70,46.10,55.20,67.30,163.50,199.70,239.20,291.60,2012.0
Female 14-18 years,37.20,46.30,55.90,68.90,161.40,200.80,242.10,298.50,2012.0
Female 19-50 years,37.20,46.90,57.90,74.00,161.00,203.30,250.80,320.70,2012.0
Female 51-70 years,36.70,45.80,56.60,67.90,159.00,198.40,245.40,294.00,2012.0
Female 71+ years,36.00,45.60,56.30,67.70,155.90,197.40,244.10,293.50,2012.0
Family of 2: 19-50 years,86.90,111.10,137.90,172.70,376.60,481.30,597.40,748.40,2012.0
Family of 2: 51-70 years,82.40,106.40,131.20,158.30,357.30,461.20,568.50,685.70,2012.0
Family of 4: 2 kids 2-5,126.50,161.00,198.80,246.30,548.00,697.50,861.20,1067.30,2012.0
Family of 4: 2 kids 6-11,145.20,189.50,236.50,287.20,629.10,821.10,1024.70,1244.30,2012.0
Child 1 year,20.40,27.30,31.30,37.90,88.20,118.40,135.40,164.10,2011.0
Child 2-3 years,22.00,28.00,33.90,41.20,95.30,121.40,146.70,178.30,2011.0
Child 4-5 years,23.10,29.20,36.20,44.00,100.00,126.50,156.70,190.60,2011.0
Child 6-8 years,29.30,39.90,49.00,57.80,127.10,172.70,212.30,250.50,2011.0
Child 9-11 years,33.80,44.10,57.10,66.80,146.30,191.00,247.40,289.60,2011.0
Male 12-13 years,35.70,50.30,62.70,74.00,154.70,218.20,271.80,320.70,2011.0
Male 14-18 years,37.10,51.90,64.80,74.90,160.60,225.10,280.90,324.60,2011.0
Male 19-50 years,39.80,51.30,64.00,78.40,172.40,222.40,277.50,339.70,2011.0
Male 51-70 years,36.30,48.60,59.60,72.50,157.40,210.60,258.10,314.00,2011.0
Male 71+ years,36.40,47.80,59.60,73.10,157.80,207.30,258.30,316.80,2011.0
Female 12-13 years,35.80,43.80,52.90,64.10,155.20,189.80,229.40,277.80,2011.0
Female 14-18 years,35.40,44.00,52.70,65.00,153.50,190.50,228.40,281.70,2011.0
Female 19-50 years,35.30,44.60,54.70,70.30,153.10,193.40,237.10,304.80,2011.0
Female 51-70 years,35.00,43.40,53.90,64.70,151.80,188.10,233.60,280.30,2011.0
Female 71+ years,34.50,42.90,53.60,64.70,149.50,185.90,232.40,280.20,2011.0
Family of 2: 19-50 years,82.60,105.50,130.60,163.60,358.10,457.30,566.00,708.90,2011.0
Family of 2: 51-70 years,78.50,101.20,124.80,150.90,340.10,438.60,540.80,653.70,2011.0
Family of 4: 2 kids 2-5,120.20,153.10,188.80,233.90,520.90,663.60,818.00,1013.50,2011.0
Family of 4: 2 kids 6-11,138.20,179.90,224.80,273.40,598.90,779.40,974.20,1184.50,2011.0
Child 1 year,20.10,26.70,30.60,37.00,87.20,115.80,132.80,160.50,2010.0
Child 2-3 years,21.70,27.30,33.10,40.30,94.10,118.20,143.60,174.50,2010.0
Child 4-5 years,22.50,28.50,35.30,43.00,97.50,123.60,153.00,186.50,2010.0
Child 6-8 years,28.70,38.60,47.90,56.50,124.20,167.40,207.40,244.70,2010.0
Child 9-11 years,33.00,43.20,55.80,65.20,142.90,187.10,241.60,282.40,2010.0
Male 12-13 years,35.10,49.30,61.40,72.40,151.90,213.60,266.20,313.70,2010.0
Male 14-18 years,36.20,50.80,63.50,72.90,157.00,220.30,275.30,315.70,2010.0
Male 19-50 years,38.90,50.20,62.70,76.80,168.60,217.40,271.60,332.80,2010.0
Male 51-70 years,35.60,47.50,58.10,70.60,154.10,205.70,251.80,306.10,2010.0
Male 71+ years,35.70,46.80,58.30,71.70,154.90,202.80,252.60,310.70,2010.0
Female 12-13 years,35.20,42.80,51.70,62.50,152.50,185.60,223.90,270.80,2010.0
Female 14-18 years,34.70,43.10,51.90,63.80,150.50,186.50,224.90,276.40,2010.0
Female 19-50 years,34.60,43.60,53.70,68.90,149.80,188.80,232.60,298.40,2010.0
Female 51-70 years,34.20,42.50,52.80,63.10,148.30,183.90,228.60,273.20,2010.0
Female 71+ years,33.70,42.00,52.40,63.20,146.20,181.90,227.00,273.70,2010.0
Family of 2: 19-50 years,80.80,103.10,128.00,160.20,350.30,446.80,554.60,694.30,2010.0
Family of 2: 51-70 years,76.80,98.90,122.00,147.10,332.60,428.60,528.40,637.20,2010.0
Family of 4: 2 kids 2-5,117.70,149.50,184.80,229.00,510.10,648.00,800.80,992.20,2010.0
Family of 4: 2 kids 6-11,135.10,175.60,220.00,267.30,585.60,760.70,953.20,1158.30,2010.0
Child 1 year,20.80,27.60,31.60,38.10,90.00,119.50,136.80,164.90,2009.0
Child 2-3 years,22.20,27.90,33.70,41.10,96.20,120.70,146.20,178.00,2009.0
Child 4-5 years,23.00,29.20,36.00,43.70,99.80,126.30,156.10,189.40,2009.0
Child 6-8 years,29.40,39.60,48.70,57.20,127.30,171.50,211.20,248.10,2009.0
Child 9-11 years,34.00,44.00,56.70,66.50,147.20,190.70,245.50,288.10,2009.0
Male 12-13 years,36.00,50.40,62.60,73.80,156.00,218.50,271.20,319.80,2009.0
Male 14-18 years,37.50,52.30,65.10,74.80,162.50,226.60,282.00,323.90,2009.0
Male 19-50 years,40.10,51.50,64.30,78.60,173.80,223.10,278.60,340.60,2009.0
Male 51-70 years,36.80,48.80,59.60,72.30,159.30,211.50,258.40,313.20,2009.0
Male 71+ years,36.80,48.20,59.90,73.50,159.30,208.90,259.40,318.60,2009.0
Female 12-13 years,36.10,44.00,52.80,63.90,156.50,190.80,228.60,277.00,2009.0
Female 14-18 years,35.80,44.30,53.20,65.50,155.20,191.80,230.70,283.90,2009.0
Female 19-50 years,35.60,44.80,55.00,70.60,154.10,194.10,238.50,305.80,2009.0
Female 51-70 years,35.30,43.70,54.20,64.50,153.20,189.50,234.90,279.30,2009.0
Female 71+ years,34.70,43.30,54.00,64.90,150.40,187.50,233.80,281.00,2009.0
Family of 2: 19-50 years,83.20,105.90,131.30,164.10,360.70,458.90,568.90,711.00,2009.0
Family of 2: 51-70 years,79.30,101.80,125.20,150.40,343.70,441.10,542.60,651.70,2009.0
Family of 4: 2 kids 2-5,120.90,153.30,189.10,234.00,523.80,664.20,819.40,1013.80,2009.0
Family of 4: 2 kids 6-11,139.00,179.90,224.80,272.90,602.50,779.40,973.80,1182.50,2009.0
Child 1 year,19.90,26.50,30.40,37.00,86.30,114.70,131.90,160.10,2008.0
Child 2-3 years,20.90,26.50,32.00,38.80,90.50,114.70,138.60,168.20,2008.0
Child 4-5 years,21.90,27.80,34.30,41.80,95.10,120.40,148.60,180.90,2008.0
Child 6-8 years,27.80,37.10,46.10,54.30,120.50,160.70,199.60,235.40,2008.0
Child 9-11 years,32.50,42.10,53.90,63.40,140.70,182.30,233.60,274.70,2008.0
Male 12-13 years,33.80,47.20,58.40,69.50,146.70,204.60,253.00,300.90,2008.0
Male 14-18 years,35.10,48.90,60.30,70.70,152.30,211.80,261.20,306.40,2008.0
Male 19-50 years,37.80,48.60,60.30,73.40,163.80,210.80,261.10,318.00,2008.0
Male 51-70 years,34.50,46.20,56.50,68.50,149.70,200.20,244.70,296.80,2008.0
Male 71+ years,34.60,45.70,57.00,68.90,149.80,197.90,246.90,298.30,2008.0
Female 12-13 years,33.90,41.30,50.20,60.30,146.90,179.10,217.40,261.20,2008.0
Female 14-18 years,33.80,41.50,49.60,60.70,146.30,180.00,215.00,263.20,2008.0
Female 19-50 years,33.90,42.60,51.70,66.80,146.70,184.40,224.10,289.50,2008.0
Female 51-70 years,33.40,41.20,51.20,61.40,144.90,178.50,221.70,265.80,2008.0
Female 71+ years,33.30,41.00,51.50,62.00,144.10,177.90,223.30,268.50,2008.0
Family of 2: 19-50 years,78.80,100.30,123.20,154.20,341.60,434.70,533.80,668.30,2008.0
Family of 2: 51-70 years,74.80,96.10,118.40,142.80,324.00,416.60,513.00,618.90,2008.0
Family of 4: 2 kids 2-5,114.50,145.40,178.30,220.80,496.10,630.20,772.50,956.70,2008.0
Family of 4: 2 kids 6-11,132.00,170.40,212.00,257.90,571.80,738.20,918.40,1117.60,2008.0
Child 1 year,18.40,23.50,27.20,33.10,79.80,101.70,117.70,143.60,2007.0
Child 2-3 years,18.40,23.00,27.50,33.10,79.90,99.90,119.10,143.40,2007.0
Child 4-5 years,20.50,25.30,31.20,37.90,88.80,109.70,135.10,164.30,2007.0
Child 6-8 years,26.00,34.40,42.60,49.70,112.80,149.20,184.40,215.30,2007.0
Child 9-11 years,30.40,38.70,49.40,57.80,131.70,167.60,214.20,250.50,2007.0
Male 12-13 years,31.60,43.60,53.80,64.10,136.80,189.10,233.20,277.80,2007.0
Male 14-18 years,33.00,45.30,56.10,65.50,142.90,196.20,243.00,283.90,2007.0
Male 19-50 years,35.10,44.90,56.00,68.40,152.10,194.80,242.50,296.60,2007.0
Male 51-70 years,32.00,42.70,52.70,63.60,138.70,185.20,228.20,275.80,2007.0
Female 12-13 years,31.40,37.90,45.60,55.70,136.10,164.20,197.70,241.20,2007.0
Female 19-50 years,31.60,39.20,47.80,61.70,137.00,169.80,207.30,267.40,2007.0
Female 51-70 years,31.10,38.00,47.30,57.00,134.70,164.60,204.90,247.10,2007.0
Family of 2: 19-50 years,73.40,92.60,114.20,143.20,318.00,401.10,494.80,620.40,2007.0
Family of 2: 51-70 years,69.40,88.80,109.90,132.70,300.70,384.80,476.40,575.10,2007.0
Family of 4: 2 kids 2-5,105.60,132.50,162.50,201.20,457.80,574.20,703.90,871.70,2007.0
Family of 4: 2 kids 6-11,123.10,157.30,195.80,237.70,533.60,681.40,848.40,1029.80,2007.0
Male 71+ years,32.00,42.70,52.70,63.60,138.70,185.20,228.20,275.80,2007.0
Female 14-18 years,31.40,37.90,45.60,55.70,136.10,164.20,197.70,241.20,2007.0
Female 71+ years,31.10,38.00,47.30,57.00,134.70,164.60,204.90,247.10,2007.0
Child 1 year,18.20,23.00,26.80,32.50,78.90,99.40,116.00,140.70,2006.0
Child 2-3 years,18.20,22.60,27.10,32.50,78.70,97.90,117.30,140.80,2006.0
Child 4-5 years,20.10,24.80,30.70,37.10,87.10,107.60,133.00,160.60,2006.0
Child 6-8 years,25.40,33.60,41.50,48.50,110.00,145.70,179.90,210.10,2006.0
Child 9-11 years,29.70,37.80,48.50,56.40,128.60,163.80,210.00,244.40,2006.0
Male 12-13 years,30.90,42.70,52.80,62.60,134.00,185.00,228.70,271.10,2006.0
Male 14-18 years,32.20,44.20,55.00,64.10,139.40,191.50,238.20,277.60,2006.0
Male 19-50 years,34.20,44.00,54.90,67.10,148.30,190.70,237.80,290.70,2006.0
Male 51-70 years,31.30,42.00,51.70,62.40,135.70,181.90,224.10,270.40,2006.0
Female 12-13 years,30.80,37.10,44.80,54.30,133.60,160.60,194.20,235.30,2006.0
Female 19-50 years,30.90,38.40,47.00,60.60,134.10,166.60,203.50,262.50,2006.0
Female 51-70 years,30.50,37.30,46.50,56.00,132.20,161.70,201.50,242.80,2006.0
Family of 2: 19-50 years,71.70,90.70,112.00,140.40,310.60,393.10,485.40,608.40,2006.0
Family of 2: 51-70 years,68.00,87.20,108.10,130.30,294.70,378.00,468.20,564.50,2006.0
Family of 4: 2 kids 2-5,103.40,129.90,159.60,197.20,448.20,562.90,691.50,854.50,2006.0
Family of 4: 2 kids 6-11,120.30,153.90,191.80,232.60,521.10,666.80,831.20,"1,007.70",2006.0
Male 71+ years,31.30,42.00,51.70,62.40,135.70,181.90,224.10,270.40,2006.0
Female 14-18 years,30.80,37.10,44.80,54.30,133.60,160.60,194.20,235.30,2006.0
Female 71+ years,30.50,37.30,46.50,56.00,132.20,161.70,201.50,242.80,2006.0
Child 1 year,17.90,22.40,26.30,31.60,77.30,97.10,113.80,136.90,2005.0
Child 2-3 years,17.80,22.10,26.40,31.90,77.20,95.90,114.60,138.20,2005.0
Child 4-5 years,19.70,24.40,30.10,36.20,85.20,105.60,130.60,156.70,2005.0
Child 6-8 years,24.60,32.70,40.40,47.20,106.70,141.70,175.10,204.50,2005.0
Child 9-11 years,28.90,36.90,47.20,54.90,125.10,159.80,204.70,237.70,2005.0
Male 12-13 years,30.10,41.70,51.70,60.80,130.50,180.60,224.10,263.50,2005.0
Male 14-18 years,31.10,43.00,53.80,62.50,134.80,186.20,232.90,270.70,2005.0
Male 19-50 years,33.20,42.90,53.60,65.40,144.00,186.00,232.10,283.50,2005.0
Male 51-70 years,30.30,40.90,50.50,60.70,131.40,177.40,218.80,262.90,2005.0
Female 12-13 years,30.10,36.00,43.80,52.80,130.30,156.00,189.90,229.00,2005.0
Female 19-50 years,30.10,37.40,45.80,59.00,130.40,162.10,198.40,255.60,2005.0
Female 51-70 years,29.60,36.40,45.40,54.40,128.40,157.80,196.70,235.70,2005.0
Family of 2: 19-50 years,69.70,88.40,109.30,136.90,301.90,383.00,473.60,593.00,2005.0
Family of 2: 51-70 years,66.00,85.10,105.50,126.60,285.80,368.80,457.10,548.50,2005.0
Family of 4: 2 kids 2-5,100.80,126.80,155.90,192.50,436.80,549.60,675.70,834.10,2005.0
Family of 4: 2 kids 6-11,116.80,149.90,187.00,226.50,506.20,649.70,810.30,981.30,2005.0
Male 71+ years,30.30,40.90,50.50,60.70,131.40,177.40,218.80,262.90,2005.0
Female 14-18 years,30.10,36.00,43.80,52.80,130.30,156.00,189.90,229.00,2005.0
Female 71+ years,29.60,36.40,45.40,54.40,128.40,157.80,196.70,235.70,2005.0
Child 1 year,17.50,21.70,25.50,31.30,75.80,94.00,110.50,135.60,2004.0
Child 2-3 years,17.40,21.40,25.40,30.80,75.40,92.70,110.10,133.50,2004.0
Child 4-5 years,19.00,23.50,29.10,35.20,82.30,101.80,126.10,152.50,2004.0
Child 6-8 years,23.80,31.70,39.10,45.50,103.10,137.40,169.40,197.20,2004.0
Child 9-11 years,27.90,35.60,45.50,53.00,120.90,154.30,197.20,229.60,2004.0
Male 12-13 years,29.00,40.20,49.70,58.70,125.70,174.20,215.40,254.30,2004.0
Male 14-18 years,29.90,41.40,51.70,60.10,129.60,179.40,224.00,260.40,2004.0
Male 19-50 years,32.00,41.40,51.70,63.00,138.70,179.40,224.00,273.00,2004.0
Male 51-70 years,29.30,39.60,48.80,58.70,127.00,171.60,211.50,254.30,2004.0
Female 12-13 years,29.00,34.80,42.20,51.00,125.70,150.80,182.90,221.00,2004.0
Female 19-50 years,29.10,36.20,44.20,57.10,126.10,156.90,191.50,247.40,2004.0
Female 51-70 years,28.70,35.20,43.80,52.70,124.40,152.50,189.80,228.30,2004.0
Family of 2: 19-50 years,67.20,85.40,105.50,132.10,291.30,369.90,457.10,572.40,2004.0
Family of 2: 51-70 years,63.80,82.30,101.90,122.50,276.50,356.50,441.40,530.90,2004.0
Family of 4: 2 kids 2-5,97.50,122.50,150.40,186.10,422.50,530.80,651.70,806.40,2004.0
Family of 4: 2 kids 6-11,112.80,144.90,180.50,218.60,488.80,628.00,782.10,947.20,2004.0
Male 71+ years,29.30,39.60,48.80,58.70,127.00,171.60,211.50,254.30,2004.0
Female 14-18 years,29.00,34.80,42.20,51.00,125.70,150.80,182.90,221.00,2004.0
Female 71+ years,28.70,35.20,43.80,52.70,124.40,152.50,189.80,228.30,2004.0
Child 1 year,16.70,20.60,24.20,29.30,72.40,89.30,104.90,127.00,2003.0
Child 2-3 years,16.60,20.60,24.20,29.30,71.90,89.30,104.90,127.00,2003.0
Child 4-5 years,18.10,22.60,27.90,33.40,78.40,97.90,120.90,144.70,2003.0
Child 6-8 years,22.70,30.00,37.40,43.50,98.40,130.00,162.10,188.50,2003.0
Child 9-11 years,26.70,34.10,43.60,50.40,115.70,147.80,188.90,218.40,2003.0
Male 12-13 years,27.70,38.50,47.60,56.10,120.00,166.80,206.30,243.10,2003.0
Male 14-18 years,28.70,39.70,49.50,57.10,124.40,172.00,214.50,247.40,2003.0
Male 19-50 years,30.60,39.70,49.40,59.80,132.60,172.00,214.10,259.10,2003.0
Male 51-70 years,27.80,37.80,46.50,55.70,120.50,163.80,201.50,241.30,2003.0
Female 12-13 years,27.70,33.20,40.20,48.60,120.00,143.90,174.20,210.60,2003.0
Female 19-50 years,27.70,34.70,42.20,54.20,120.00,150.40,182.90,234.80,2003.0
Female 51-70 years,27.20,33.70,41.80,49.90,117.90,146.00,181.10,216.20,2003.0
Family of 2: 19-50 years,64.10,81.80,100.80,125.40,277.90,354.60,436.70,543.30,2003.0
Family of 2: 51-70 years,60.50,78.70,97.10,116.20,262.20,340.80,420.90,503.30,2003.0
Family of 4: 2 kids 2-5,93.00,117.60,143.70,176.70,402.90,509.60,622.80,765.60,2003.0
Family of 4: 2 kids 6-11,107.70,138.50,172.60,207.90,466.70,600.20,748.00,900.80,2003.0
Male 71+ years,27.80,37.80,46.50,55.70,120.50,163.80,201.50,241.30,2003.0
Female 14-18 years,27.70,33.20,40.20,48.60,120.00,143.90,174.20,210.60,2003.0
Female 71+ years,27.20,33.70,41.80,49.90,117.90,146.00,181.10,216.20,2003.0
Child 1 year,16.60,20.50,24.10,29.20,71.90,88.80,104.40,126.50,2002.0
Child 2-3 years,16.60,20.50,24.10,29.20,71.90,88.80,104.40,126.50,2002.0
Child 4-5 years,18.00,22.50,27.80,33.30,78.00,97.50,120.50,144.30,2002.0
Child 6-8 years,22.40,29.90,37.20,43.30,97.10,129.60,161.20,187.60,2002.0
Child 9-11 years,26.50,33.90,43.40,50.20,114.80,146.90,188.10,217.50,2002.0
Male 12-13 years,27.40,38.30,47.50,55.90,118.70,166.00,205.80,242.20,2002.0
Male 14-18 years,28.30,39.50,49.30,56.80,122.60,171.20,213.60,246.10,2002.0
Male 19-50 years,30.20,39.50,49.10,59.50,130.90,171.20,212.80,257.80,2002.0
Male 51-70 years,27.60,37.60,46.20,55.50,119.60,162.90,200.20,240.50,2002.0
Female 12-13 years,27.50,33.10,40.10,48.50,119.20,143.40,173.80,210.20,2002.0
Female 19-50 years,27.40,34.50,42.00,54.00,118.70,149.50,182.00,234.00,2002.0
Female 51-70 years,27.00,33.60,41.70,49.80,117.00,145.60,180.70,215.80,2002.0
Family of 2: 19-50 years,63.40,81.40,100.20,124.90,274.60,352.80,434.30,541.00,2002.0
Family of 2: 51-70 years,60.10,78.30,96.70,115.80,260.30,339.40,419.00,501.90,2002.0
Family of 4: 2 kids 2-5,92.20,117.00,143.00,176.00,399.50,507.00,619.70,762.60,2002.0
Family of 4: 2 kids 6-11,106.50,137.80,171.70,207.00,461.50,597.20,744.10,896.90,2002.0
Male 71+ years,27.60,37.60,46.20,55.50,119.60,162.90,200.20,240.50,2002.0
Female 14-18 years,27.50,33.10,40.10,48.50,119.20,143.40,173.80,210.20,2002.0
Female 71+ years,27.00,33.60,41.70,49.80,117.00,145.60,180.70,215.80,2002.0
Child 1 year,16.10,19.80,23.20,28.20,69.80,85.80,100.50,122.20,2001.0
Child 2-3 years,16.00,19.80,23.20,28.20,69.30,85.80,100.50,122.20,2001.0
Child 4-5 years,17.40,21.70,26.90,32.20,75.40,94.00,116.60,139.50,2001.0
Child 6-8 years,21.60,28.90,35.90,41.80,93.60,125.20,155.60,181.10,2001.0
Child 9-11 years,25.50,32.70,41.90,48.40,110.50,141.70,181.60,209.70,2001.0
Male 12-13 years,26.30,37.00,45.90,53.90,114.00,160.30,198.90,233.50,2001.0
Male 14-18 years,27.20,38.10,47.50,54.80,117.90,165.10,205.80,237.40,2001.0
Male 19-50 years,29.00,38.00,47.30,57.40,125.70,164.70,205.00,248.70,2001.0
Male 51-70 years,26.50,36.20,44.50,53.50,114.80,156.90,192.80,231.80,2001.0
Female 12-13 years,26.40,31.90,38.80,46.90,114.40,138.20,168.10,203.20,2001.0
Female 19-50 years,26.40,33.20,40.50,52.10,114.40,143.90,175.50,225.70,2001.0
Female 51-70 years,26.10,32.30,40.20,48.00,113.10,140.00,174.20,208.00,2001.0
Family of 2: 19-50 years,60.90,78.30,96.60,120.50,264.10,339.50,418.60,521.80,2001.0
Family of 2: 51-70 years,57.90,75.40,93.20,111.70,250.70,326.60,403.70,483.80,2001.0
Family of 4: 2 kids 2-5,88.80,112.70,137.90,169.90,384.80,488.40,597.60,736.10,2001.0
Family of 4: 2 kids 6-11,102.50,132.80,165.60,199.70,444.20,575.50,717.70,865.20,2001.0
Male 71+ years,26.50,36.20,44.50,53.50,114.80,156.90,192.80,231.80,2001.0
Female 14-18 years,26.40,31.90,38.80,46.90,114.40,138.20,168.10,203.20,2001.0
Female 71+ years,26.10,32.30,40.20,48.00,113.10,140.00,174.20,208.00,2001.0
Child 1 year,15.70,19.30,22.60,27.50,68.00,83.60,97.90,119.20,2000.0
Child 2-3 years,15.60,19.30,22.60,27.50,67.60,83.60,97.90,119.20,2000.0
Child 4-5 years,17.00,21.10,26.10,31.30,73.70,91.40,113.10,135.60,2000.0
Child 6-8 years,21.00,28.10,34.90,40.60,91.00,121.80,151.20,175.90,2000.0
Child 9-11 years,24.90,31.80,40.60,47.10,107.90,137.80,175.90,204.10,2000.0
Male 12-13 years,25.70,35.90,44.50,52.30,111.40,155.60,192.80,226.60,2000.0
Male 14-18 years,26.50,36.90,46.10,53.20,114.80,159.90,199.80,230.50,2000.0
Male 19-50 years,28.40,36.80,45.80,55.60,123.10,159.50,198.50,240.90,2000.0
Male 51-70 years,25.70,35.10,43.20,51.80,111.40,152.10,187.20,224.40,2000.0
Female 12-13 years,25.80,31.00,37.60,45.40,111.80,134.30,162.90,196.70,2000.0
Female 19-50 years,25.70,32.20,39.20,50.30,111.40,139.50,169.90,217.90,2000.0
Female 51-70 years,25.30,31.30,38.90,46.60,109.60,135.60,168.60,201.90,2000.0
Family of 2: 19-50 years,59.50,75.90,93.50,116.50,258.00,328.90,405.20,504.70,2000.0
Family of 2: 51-70 years,56.10,73.00,90.30,108.20,243.10,316.50,391.40,468.90,2000.0
Family of 4: 2 kids 2-5,86.70,109.40,133.70,164.70,375.80,474.00,579.40,713.60,2000.0
Family of 4: 2 kids 6-11,100.00,128.90,160.50,193.60,433.40,558.60,695.50,838.80,2000.0
Male 71+ years,25.70,35.10,43.20,51.80,111.40,152.10,187.20,224.40,2000.0
Female 14-18 years,25.80,31.00,37.60,45.40,111.80,134.30,162.90,196.70,2000.0
Female 71+ years,25.30,31.30,38.90,46.60,109.60,135.60,168.60,201.90,2000.0
